,Sequence,Protein,Score percentile,Algorithm,Identity to SARS,Length,Mut
0,KLPDDFTGC,S,93.96230323115162,RBM,90,10,0.0
1,SIIAYTMSL,S,99.21292460646231,RBM,89,9,0.0
2,ALNTLVKQL,S,97.50414250207125,RBM,100,9,0.0
3,VLNDILSRL,S,99.66859983429991,RBM,100,9,0.0
4,LITGRLQSL,S,97.83554266777134,RBM,100,9,0.0
5,RLNEVAKNL,S,94.88400994200497,RBM,100,9,0.0
6,NLNESLIDL,S,98.48798674399337,RBM,100,9,0.0
7,FIAGLIAIV,S,99.91714995857498,RBM,100,9,0.0
8,TLACFVLAA,M,99.54432477216238,RBM,100,10,0.0
9,GLMWLSYFI,M,98.3844241922121,RBM,89,9,1.0
10,ALNTPKDHI,N,87.66570008285004,RBM,100,9,0.0
11,LQLPQGTTL,N,96.12676056338029,RBM,100,9,0.0
12,LALLLLDRL,N,97.27630488815244,RBM,100,9,0.0
13,LLLDRLNQL,N,99.93786246893123,RBM,100,9,0.0
14,RLNQLESKM,N,83.32642916321458,RBM,89,9,1.0
15,GMSRIGMEV,N,95.07042253521126,RBM,100,9,0.0
16,CLEASFNYL,orf1ab,92.48135874067937,RBM,56,9,1.0
17,WLMWLIINL,orf1ab,97.46271748135874,RBM,67,9,0.0
18,ILLLDQALV,orf1ab,99.65824357912179,RBM,89,9,0.0
19,SACVLAAEC,orf1ab,51.59486329743165,RBM,56,9,1.0
20,SLPGVFCGV,orf1ab,98.62261806130903,RBM,78,9,0.0
21,TLMNVLTLV,orf1ab,99.7410936205468,RBM,89,9,0.0
22,SMWALIISV,orf1ab,99.35791217895608,RBM,89,9,0.0
23,NFKDQVILL,N,94.43869096934549,RBM,78,9,0.0
24,GDAALALLL,N,99.87572493786247,RBM,80,10,0.5
25,KLPDDFTGC,S,92.12924606462303,NetMHC,90,10,0.0
26,SIIAYTMSL,S,99.37862468931235,NetMHC,89,9,0.0
27,ALNTLVKQL,S,93.04059652029827,NetMHC,100,9,0.0
28,VLNDILSRL,S,98.7986743993372,NetMHC,100,9,0.0
29,LITGRLQSL,S,92.95774647887323,NetMHC,100,9,0.0
30,RLNEVAKNL,S,94.46975973487987,NetMHC,100,9,0.0
31,NLNESLIDL,S,97.16238608119303,NetMHC,100,9,0.0
32,FIAGLIAIV,S,99.49254349627175,NetMHC,100,9,0.0
33,TLACFVLAA,M,98.80903065451533,NetMHC,100,10,0.0
34,GLMWLSYFI,M,99.8860811930406,NetMHC,89,9,1.0
35,ALNTPKDHI,N,86.42294946147473,NetMHC,100,9,0.0
36,LQLPQGTTL,N,90.75186412593206,NetMHC,100,9,0.0
37,LALLLLDRL,N,89.56089478044738,NetMHC,100,9,0.0
38,LLLDRLNQL,N,99.31648715824358,NetMHC,100,9,0.0
39,RLNQLESKM,N,86.66114333057166,NetMHC,89,9,1.0
40,GMSRIGMEV,N,98.37406793703397,NetMHC,100,9,0.0
41,CLEASFNYL,orf1ab,95.09113504556753,NetMHC,56,9,1.0
42,WLMWLIINL,orf1ab,99.75144987572494,NetMHC,67,9,0.0
43,ILLLDQALV,orf1ab,98.94366197183099,NetMHC,89,9,0.0
44,SACVLAAEC,orf1ab,74.17149958574979,NetMHC,56,9,1.0
45,SLPGVFCGV,orf1ab,99.03686826843413,NetMHC,78,9,0.0
46,TLMNVLTLV,orf1ab,99.89643744821872,NetMHC,89,9,0.0
47,SMWALIISV,orf1ab,99.9275062137531,NetMHC,89,9,0.0
48,NFKDQVILL,N,90.35832642916321,NetMHC,78,9,0.0
49,GDAALALLL,N,97.30737365368682,NetMHC,80,10,0.5
